case,phi,agent_Y,reference_Y,abs_diff_Y,agent_w,reference_w,abs_diff_w,agent_R,reference_R,abs_diff_R,agent_wage_bill,reference_wage_bill,abs_diff_wage_bill,agent_capital_income,reference_capital_income,abs_diff_capital_income
left,0.0,1.0,1.0,0.0,1.0,1.0,0.0,0.0,0.0,0.0,1.0,1.0,0.0,0.0,0.0,0.0
left,0.01,1.0201999591920017,1.0201999591920017,0.0,1.020095878396328,1.020095878396328,0.0,0.00010408079567353619,0.00010408079567353619,0.0,1.020095878396328,1.020095878396328,0.0,0.00010408079567353619,0.00010408079567353619,0.0
left,0.02,1.0407993338884265,1.0407993338884265,0.0,1.0403660285870575,1.0403660285870575,0.0,0.00043330530136903697,0.00043330530136903697,0.0,1.0403660285870575,1.0403660285870575,0.0,0.00043330530136903697,0.00043330530136903697,0.0
left,0.03,1.0617965597791463,1.0617965597791463,0.0,1.0607818890382232,1.0607818890382232,0.0,0.0010146707409229472,0.0010146707409229472,0.0,1.0607818890382232,1.0607818890382232,0.0,0.0010146707409229472,0.0010146707409229472,0.0
left,0.04,1.0831889081455806,1.0831889081455806,0.0,1.0813116310084132,1.0813116310084132,0.0,0.0018772771371673841,0.0018772771371673841,0.0,1.0813116310084132,1.0813116310084132,0.0,0.0018772771371673841,0.0018772771371673841,0.0
left,0.05,1.1049723756906078,1.1049723756906078,0.0,1.1019199658130094,1.1019199658130094,0.0,0.003052409877598365,0.003052409877598365,0.0,1.1019199658130094,1.1019199658130094,0.0,0.003052409877598365,0.003052409877598365,0.0
left,0.06,1.127141568981064,1.127141568981064,0.0,1.1225679557615735,1.1225679557615735,0.0,0.004573613219490341,0.004573613219490341,0.0,1.1225679557615735,1.1225679557615735,0.0,0.004573613219490341,0.004573613219490341,0.0
left,0.07,1.1496895838123709,1.1496895838123709,0.0,1.1432128317306502,1.1432128317306502,0.0,0.006476752081720647,0.006476752081720647,0.0,1.1432128317306502,1.1432128317306502,0.0,0.006476752081720647,0.006476752081720647,0.0
left,0.08,1.172607879924953,1.172607879924953,0.0,1.1638078207885558,1.1638078207885558,0.0,0.008800059136397398,0.008800059136397398,0.0,1.1638078207885558,1.1638078207885558,0.0,0.008800059136397398,0.008800059136397398,0.0
left,0.09,1.1958861516383639,1.1958861516383639,0.0,1.1843019877681524,1.1843019877681524,0.0,0.011584163870211368,0.011584163870211368,0.0,1.1843019877681524,1.1843019877681524,0.0,0.011584163870211368,0.011584163870211368,0.0
left,0.1,1.2195121951219512,1.2195121951219512,0.0,1.2046400951814398,1.2046400951814398,0.0,0.014872099940511604,0.014872099940511604,0.0,1.2046400951814398,1.2046400951814398,0.0,0.014872099940511604,0.014872099940511604,0.0
left,0.11,1.2434717731907485,1.2434717731907485,0.0,1.2247624863770106,1.2247624863770106,0.0,0.018709286813737944,0.018709286813737944,0.0,1.2247624863770106,1.2247624863770106,0.0,0.018709286813737944,0.018709286813737944,0.0
left,0.12,1.2677484787018256,1.2677484787018256,0.0,1.2446049973462143,1.2446049973462143,0.0,0.023143481355611423,0.023143481355611423,0.0,1.2446049973462143,1.2446049973462143,0.0,0.023143481355611423,0.023143481355611423,0.0
left,0.13,1.2923235978288963,1.2923235978288963,0.0,1.2640989030714547,1.2640989030714547,0.0,0.02822469475744165,0.02822469475744165,0.0,1.2640989030714547,1.2640989030714547,0.0,0.02822469475744165,0.02822469475744165,0.0
left,0.14,1.3171759747102214,1.3171759747102214,0.0,1.2831709047624864,1.2831709047624864,0.0,0.03400506994773491,0.03400506994773491,0.0,1.2831709047624864,1.2831709047624864,0.0,0.03400506994773491,0.03400506994773491,0.0
left,0.15,1.3422818791946312,1.3422818791946312,0.0,1.30174316472231,1.30174316472231,0.0,0.04053871447232108,0.04053871447232108,0.0,1.30174316472231,1.30174316472231,0.0,0.04053871447232108,0.04053871447232108,0.0
left,0.16,1.3676148796498908,1.3676148796498908,0.0,1.3197333958984723,1.3197333958984723,0.0,0.047881483751418506,0.047881483751418506,0.0,1.3197333958984723,1.3197333958984723,0.0,0.047881483751418506,0.047881483751418506,0.0
left,0.17,1.3931457230426303,1.3931457230426303,0.0,1.3370550133798662,1.3370550133798662,0.0,0.056090709662764034,0.056090709662764034,0.0,1.3370550133798662,1.3370550133798662,0.0,0.056090709662764034,0.056090709662764034,0.0
left,0.18,1.4188422247446082,1.4188422247446082,0.0,1.3536173551621375,1.3536173551621375,0.0,0.06522486958247062,0.06522486958247062,0.0,1.3536173551621375,1.3536173551621375,0.0,0.06522486958247062,0.06522486958247062,0.0
left,0.19,1.4446691707598958,1.4446691707598958,0.0,1.3693259793926145,1.3693259793926145,0.0,0.07534319136728147,0.07534319136728147,0.0,1.3693259793926145,1.3693259793926145,0.0,0.07534319136728147,0.07534319136728147,0.0
left,0.2,1.4705882352941173,1.4705882352941173,0.0,1.3840830449826986,1.3840830449826986,0.0,0.08650519031141866,0.08650519031141866,0.0,1.3840830449826986,1.3840830449826986,0.0,0.08650519031141866,0.08650519031141866,0.0
left,0.21,1.4965579167913796,1.4965579167913796,0.0,1.3977877819058664,1.3977877819058664,0.0,0.09877013488551305,0.09877013488551305,0.0,1.3977877819058664,1.3977877819058664,0.0,0.09877013488551305,0.09877013488551305,0.0
left,0.22,1.522533495736906,1.522533495736906,0.0,1.4103370566478892,1.4103370566478892,0.0,0.11219643908901682,0.11219643908901682,0.0,1.4103370566478892,1.4103370566478892,0.0,0.11219643908901682,0.11219643908901682,0.0
left,0.23,1.5484670176525241,1.5484670176525241,0.0,1.4216260371108416,1.4216260371108416,0.0,0.12684098054168247,0.12684098054168247,0.0,1.4216260371108416,1.4216260371108416,0.0,0.12684098054168247,0.12684098054168247,0.0
left,0.24,1.5743073047858942,1.5743073047858942,0.0,1.431548959767526,1.431548959767526,0.0,0.14275834501836823,0.14275834501836823,0.0,1.431548959767526,1.431548959767526,0.0,0.14275834501836823,0.14275834501836823,0.0
left,0.25,1.6,1.6,0.0,1.4400000000000004,1.4400000000000004,0.0,0.16000000000000003,0.16000000000000003,0.0,1.4400000000000004,1.4400000000000004,0.0,0.16000000000000003,0.16000000000000003,0.0
left,0.26,1.6254876462938883,1.6254876462938883,0.0,1.446874244327915,1.446874244327915,0.0,0.17861340196597345,0.17861340196597345,0.0,1.446874244327915,1.446874244327915,0.0,0.17861340196597345,0.17861340196597345,0.0
left,0.27,1.6507098052162432,1.6507098052162432,0.0,1.4520687606466425,1.4520687606466425,0.0,0.1986410445696008,0.1986410445696008,0.0,1.4520687606466425,1.4520687606466425,0.0,0.1986410445696008,0.1986410445696008,0.0
left,0.28,1.675603217158177,1.675603217158177,0.0,1.4554837596762717,1.4554837596762717,0.0,0.22011945748190534,0.22011945748190534,0.0,1.4554837596762717,1.4554837596762717,0.0,0.22011945748190534,0.22011945748190534,0.0
left,0.29,1.7001020061203673,1.7001020061203673,0.0,1.457023837615228,1.457023837615228,0.0,0.24307816850513922,0.24307816850513922,0.0,1.457023837615228,1.457023837615228,0.0,0.24307816850513922,0.24307816850513922,0.0
left,0.3,1.7241379310344829,1.7241379310344829,0.0,1.4565992865636148,1.4565992865636148,0.0,0.26753864447086806,0.26753864447086806,0.0,1.4565992865636148,1.4565992865636148,0.0,0.26753864447086806,0.26753864447086806,0.0
left,0.31,1.7476406850751487,1.7476406850751487,0.0,1.4541274557222619,1.4541274557222619,0.0,0.29351322935288676,0.29351322935288676,0.0,1.4541274557222619,1.4541274557222619,0.0,0.29351322935288676,0.29351322935288676,0.0
left,0.32,1.7705382436260624,1.7705382436260624,0.0,1.449534142798674,1.449534142798674,0.0,0.3210041008273881,0.3210041008273881,0.0,1.449534142798674,1.449534142798674,0.0,0.3210041008273881,0.3210041008273881,0.0
left,0.33,1.7927572606669058,1.7927572606669058,0.0,1.442754991598017,1.442754991598017,0.0,0.3500022690688886,0.3500022690688886,0.0,1.442754991598017,1.442754991598017,0.0,0.3500022690688886,0.3500022690688886,0.0
left,0.34,1.81422351233672,1.81422351233672,0.0,1.4337368686028213,1.4337368686028213,0.0,0.38048664373389857,0.38048664373389857,0.0,1.4337368686028213,1.4337368686028213,0.0,0.38048664373389857,0.38048664373389857,0.0
left,0.35,1.8348623853211008,1.8348623853211008,0.0,1.4224391886204866,1.4224391886204866,0.0,0.41242319670061434,0.41242319670061434,0.0,1.4224391886204866,1.4224391886204866,0.0,0.41242319670061434,0.41242319670061434,0.0
left,0.36,1.8545994065281899,1.8545994065281899,0.0,1.408835157481355,1.408835157481355,0.0,0.4457642490468349,0.4457642490468349,0.0,1.408835157481355,1.408835157481355,0.0,0.4457642490468349,0.4457642490468349,0.0
left,0.37,1.8733608092918694,1.8733608092918694,0.0,1.3929128984787242,1.3929128984787242,0.0,0.4804479108131452,0.4804479108131452,0.0,1.3929128984787242,1.3929128984787242,0.0,0.4804479108131452,0.4804479108131452,0.0
left,0.38,1.8910741301059,1.8910741301059,0.0,1.3746764289196445,1.3746764289196445,0.0,0.5163977011862556,0.5163977011862556,0.0,1.3746764289196445,1.3746764289196445,0.0,0.5163977011862556,0.5163977011862556,0.0
left,0.39,1.9076688286913392,1.9076688286913392,0.0,1.3541464539413341,1.3541464539413341,0.0,0.5535223747500052,0.5535223747500052,0.0,1.3541464539413341,1.3541464539413341,0.0,0.5535223747500052,0.5535223747500052,0.0
left,0.4,1.923076923076923,1.923076923076923,0.0,1.3313609467455618,1.3313609467455618,0.0,0.591715976331361,0.591715976331361,0.0,1.3313609467455618,1.3313609467455618,0.0,0.591715976331361,0.591715976331361,0.0
left,0.41,1.9372336303758233,1.9372336303758233,0.0,1.3063754876672302,1.3063754876672302,0.0,0.6308581427085933,0.6308581427085933,0.0,1.3063754876672302,1.3063754876672302,0.0,0.6308581427085933,0.6308581427085933,0.0
left,0.42,1.9500780031201246,1.9500780031201246,0.0,1.2792633390203003,1.2792633390203003,0.0,0.6708146640998243,0.6708146640998243,0.0,1.2792633390203003,1.2792633390203003,0.0,0.6708146640998243,0.6708146640998243,0.0
left,0.43,1.9615535504119261,1.9615535504119261,0.0,1.2501152383853176,1.2501152383853176,0.0,0.7114383120266087,0.7114383120266087,0.0,1.2501152383853176,1.2501152383853176,0.0,0.7114383120266087,0.7114383120266087,0.0
left,0.44,1.9716088328075707,1.9716088328075707,0.0,1.2190388997800754,1.2190388997800754,0.0,0.7525699330274953,0.7525699330274953,0.0,1.2190388997800754,1.2190388997800754,0.0,0.7525699330274953,0.7525699330274953,0.0
left,0.45,1.9801980198019797,1.9801980198019797,0.0,1.186158219782374,1.186158219782374,0.0,0.7940398000196056,0.7940398000196056,0.0,1.186158219782374,1.186158219782374,0.0,0.7940398000196056,0.7940398000196056,0.0
left,0.46,1.9872813990461045,1.9872813990461045,0.0,1.1516121938828379,1.1516121938828379,0.0,0.8356692051632664,0.8356692051632664,0.0,1.1516121938828379,1.1516121938828379,0.0,0.8356692051632664,0.8356692051632664,0.0
left,0.47,1.9928258270227182,1.9928258270227182,0.0,1.1155535568168227,1.1155535568168227,0.0,0.8772722702058956,0.8772722702058956,0.0,1.1155535568168227,1.1155535568168227,0.0,0.8772722702058956,0.8772722702058956,0.0
left,0.48,1.996805111821086,1.996805111821086,0.0,1.0781471690024396,1.0781471690024396,0.0,0.9186579428186465,0.9186579428186465,0.0,1.0781471690024396,1.0781471690024396,0.0,0.9186579428186465,0.9186579428186465,0.0
left,0.49,1.9992003198720512,1.9992003198720512,0.0,1.0395681791257907,1.0395681791257907,0.0,0.9596321407462605,0.9596321407462605,0.0,1.0395681791257907,1.0395681791257907,0.0,0.9596321407462605,0.9596321407462605,0.0
left,0.5,2.0,2.0,0.0,1.0,1.0,0.0,1.0,1.0,0.0,1.0,1.0,0.0,1.0,1.0,0.0
left,0.51,2.0,2.0,0.0,1.0,1.0,0.0,1.0,1.0,0.0,1.0,1.0,0.0,1.0,1.0,0.0
left,0.52,2.0,2.0,0.0,1.0,1.0,0.0,1.0,1.0,0.0,1.0,1.0,0.0,1.0,1.0,0.0
left,0.53,2.0,2.0,0.0,1.0,1.0,0.0,1.0,1.0,0.0,1.0,1.0,0.0,1.0,1.0,0.0
left,0.54,2.0,2.0,0.0,1.0,1.0,0.0,1.0,1.0,0.0,1.0,1.0,0.0,1.0,1.0,0.0
left,0.55,2.0,2.0,0.0,1.0,1.0,0.0,1.0,1.0,0.0,1.0,1.0,0.0,1.0,1.0,0.0
left,0.56,2.0,2.0,0.0,1.0,1.0,0.0,1.0,1.0,0.0,1.0,1.0,0.0,1.0,1.0,0.0
left,0.57,2.0,2.0,0.0,1.0,1.0,0.0,1.0,1.0,0.0,1.0,1.0,0.0,1.0,1.0,0.0
left,0.58,2.0,2.0,0.0,1.0,1.0,0.0,1.0,1.0,0.0,1.0,1.0,0.0,1.0,1.0,0.0
left,0.59,2.0,2.0,0.0,1.0,1.0,0.0,1.0,1.0,0.0,1.0,1.0,0.0,1.0,1.0,0.0
left,0.6,2.0,2.0,0.0,1.0,1.0,0.0,1.0,1.0,0.0,1.0,1.0,0.0,1.0,1.0,0.0
left,0.61,2.0,2.0,0.0,1.0,1.0,0.0,1.0,1.0,0.0,1.0,1.0,0.0,1.0,1.0,0.0
left,0.62,2.0,2.0,0.0,1.0,1.0,0.0,1.0,1.0,0.0,1.0,1.0,0.0,1.0,1.0,0.0
left,0.63,2.0,2.0,0.0,1.0,1.0,0.0,1.0,1.0,0.0,1.0,1.0,0.0,1.0,1.0,0.0
left,0.64,2.0,2.0,0.0,1.0,1.0,0.0,1.0,1.0,0.0,1.0,1.0,0.0,1.0,1.0,0.0
left,0.65,2.0,2.0,0.0,1.0,1.0,0.0,1.0,1.0,0.0,1.0,1.0,0.0,1.0,1.0,0.0
left,0.66,2.0,2.0,0.0,1.0,1.0,0.0,1.0,1.0,0.0,1.0,1.0,0.0,1.0,1.0,0.0
left,0.67,2.0,2.0,0.0,1.0,1.0,0.0,1.0,1.0,0.0,1.0,1.0,0.0,1.0,1.0,0.0
left,0.68,2.0,2.0,0.0,1.0,1.0,0.0,1.0,1.0,0.0,1.0,1.0,0.0,1.0,1.0,0.0
left,0.69,2.0,2.0,0.0,1.0,1.0,0.0,1.0,1.0,0.0,1.0,1.0,0.0,1.0,1.0,0.0
left,0.7,2.0,2.0,0.0,1.0,1.0,0.0,1.0,1.0,0.0,1.0,1.0,0.0,1.0,1.0,0.0
left,0.71,2.0,2.0,0.0,1.0,1.0,0.0,1.0,1.0,0.0,1.0,1.0,0.0,1.0,1.0,0.0
left,0.72,2.0,2.0,0.0,1.0,1.0,0.0,1.0,1.0,0.0,1.0,1.0,0.0,1.0,1.0,0.0
left,0.73,2.0,2.0,0.0,1.0,1.0,0.0,1.0,1.0,0.0,1.0,1.0,0.0,1.0,1.0,0.0
left,0.74,2.0,2.0,0.0,1.0,1.0,0.0,1.0,1.0,0.0,1.0,1.0,0.0,1.0,1.0,0.0
left,0.75,2.0,2.0,0.0,1.0,1.0,0.0,1.0,1.0,0.0,1.0,1.0,0.0,1.0,1.0,0.0
left,0.76,2.0,2.0,0.0,1.0,1.0,0.0,1.0,1.0,0.0,1.0,1.0,0.0,1.0,1.0,0.0
left,0.77,2.0,2.0,0.0,1.0,1.0,0.0,1.0,1.0,0.0,1.0,1.0,0.0,1.0,1.0,0.0
left,0.78,2.0,2.0,0.0,1.0,1.0,0.0,1.0,1.0,0.0,1.0,1.0,0.0,1.0,1.0,0.0
left,0.79,2.0,2.0,0.0,1.0,1.0,0.0,1.0,1.0,0.0,1.0,1.0,0.0,1.0,1.0,0.0
left,0.8,2.0,2.0,0.0,1.0,1.0,0.0,1.0,1.0,0.0,1.0,1.0,0.0,1.0,1.0,0.0
left,0.81,2.0,2.0,0.0,1.0,1.0,0.0,1.0,1.0,0.0,1.0,1.0,0.0,1.0,1.0,0.0
left,0.82,2.0,2.0,0.0,1.0,1.0,0.0,1.0,1.0,0.0,1.0,1.0,0.0,1.0,1.0,0.0
left,0.83,2.0,2.0,0.0,1.0,1.0,0.0,1.0,1.0,0.0,1.0,1.0,0.0,1.0,1.0,0.0
left,0.84,2.0,2.0,0.0,1.0,1.0,0.0,1.0,1.0,0.0,1.0,1.0,0.0,1.0,1.0,0.0
left,0.85,2.0,2.0,0.0,1.0,1.0,0.0,1.0,1.0,0.0,1.0,1.0,0.0,1.0,1.0,0.0
left,0.86,2.0,2.0,0.0,1.0,1.0,0.0,1.0,1.0,0.0,1.0,1.0,0.0,1.0,1.0,0.0
left,0.87,2.0,2.0,0.0,1.0,1.0,0.0,1.0,1.0,0.0,1.0,1.0,0.0,1.0,1.0,0.0
left,0.88,2.0,2.0,0.0,1.0,1.0,0.0,1.0,1.0,0.0,1.0,1.0,0.0,1.0,1.0,0.0
left,0.89,2.0,2.0,0.0,1.0,1.0,0.0,1.0,1.0,0.0,1.0,1.0,0.0,1.0,1.0,0.0
left,0.9,2.0,2.0,0.0,1.0,1.0,0.0,1.0,1.0,0.0,1.0,1.0,0.0,1.0,1.0,0.0
left,0.91,2.0,2.0,0.0,1.0,1.0,0.0,1.0,1.0,0.0,1.0,1.0,0.0,1.0,1.0,0.0
left,0.92,2.0,2.0,0.0,1.0,1.0,0.0,1.0,1.0,0.0,1.0,1.0,0.0,1.0,1.0,0.0
left,0.93,2.0,2.0,0.0,1.0,1.0,0.0,1.0,1.0,0.0,1.0,1.0,0.0,1.0,1.0,0.0
left,0.94,2.0,2.0,0.0,1.0,1.0,0.0,1.0,1.0,0.0,1.0,1.0,0.0,1.0,1.0,0.0
left,0.95,2.0,2.0,0.0,1.0,1.0,0.0,1.0,1.0,0.0,1.0,1.0,0.0,1.0,1.0,0.0
left,0.96,2.0,2.0,0.0,1.0,1.0,0.0,1.0,1.0,0.0,1.0,1.0,0.0,1.0,1.0,0.0
left,0.97,2.0,2.0,0.0,1.0,1.0,0.0,1.0,1.0,0.0,1.0,1.0,0.0,1.0,1.0,0.0
left,0.98,2.0,2.0,0.0,1.0,1.0,0.0,1.0,1.0,0.0,1.0,1.0,0.0,1.0,1.0,0.0
left,0.99,2.0,2.0,0.0,1.0,1.0,0.0,1.0,1.0,0.0,1.0,1.0,0.0,1.0,1.0,0.0
left,1.0,2.0,2.0,0.0,1.0,1.0,0.0,1.0,1.0,0.0,1.0,1.0,0.0,1.0,1.0,0.0
right,0.0,1.0,1.0,0.0,1.0,1.0,0.0,0.0,0.0,0.0,1.0,1.0,0.0,0.0,0.0,0.0
right,0.01,1.0126421647957682,1.0126421647957682,0.0,1.0126421647957575,1.0126421647957575,0.0,1.0648294005833612e-15,1.0648294005833612e-15,0.0,1.0126421647957575,1.0126421647957575,0.0,1.0648294005833612e-14,1.0648294005833612e-14,0.0
right,0.02,1.0255749520386583,1.0255749520386583,0.0,1.0255749520382957,1.0255749520382957,0.0,3.630671910792071e-14,3.630671910792071e-14,0.0,1.0255749520382957,1.0255749520382957,0.0,3.630671910792071e-13,3.630671910792071e-13,0.0
right,0.03,1.038808111552082,1.038808111552082,0.0,1.038808111549142,1.038808111549142,0.0,2.9395640972846284e-13,2.9395640972846284e-13,0.0,1.038808111549142,1.038808111549142,0.0,2.939564097284628e-12,2.939564097284628e-12,0.0
right,0.04,1.052351825349104,1.052351825349104,0.0,1.0523518253358877,1.0523518253358877,0.0,1.321614363978367e-12,1.321614363978367e-12,0.0,1.0523518253358877,1.0523518253358877,0.0,1.3216143639783669e-11,1.3216143639783669e-11,0.0
right,0.05,1.0662167315470878,1.0662167315470878,0.0,1.0662167315040276,1.0662167315040276,0.0,4.306034336688591e-12,4.306034336688591e-12,0.0,1.0662167315040276,1.0662167315040276,0.0,4.3060343366885914e-11,4.3060343366885914e-11,0.0
right,0.06,1.0804139498743133,1.0804139498743133,0.0,1.0804139497598395,1.0804139497598395,0.0,1.144740813091436e-11,1.144740813091436e-11,0.0,1.0804139497598395,1.0804139497598395,0.0,1.144740813091436e-10,1.144740813091436e-10,0.0
right,0.07,1.0949551088927911,1.0949551088927911,0.0,1.094955108628263,1.094955108628263,0.0,2.6452807496598218e-11,2.6452807496598218e-11,0.0,1.094955108628263,1.094955108628263,0.0,2.6452807496598217e-10,2.6452807496598217e-10,0.0
right,0.08,1.1098523750726481,1.1098523750726481,0.0,1.1098523745208553,1.1098523745208553,0.0,5.5179278022733366e-11,5.5179278022733366e-11,0.0,1.1098523745208553,1.1098523745208553,0.0,5.517927802273336e-10,5.517927802273336e-10,0.0
right,0.09,1.1251184838657315,1.1251184838657315,0.0,1.1251184828010887,1.1251184828010887,0.0,1.0646426119647257e-10,1.0646426119647257e-10,0.0,1.1251184828010887,1.1251184828010887,0.0,1.0646426119647256e-09,1.0646426119647256e-09,0.0
right,0.1,1.1407667729396265,1.1407667729396265,0.0,1.1407667710077283,1.1407667710077283,0.0,1.9318985435955366e-10,1.9318985435955366e-10,0.0,1.1407667710077283,1.1407667710077283,0.0,1.9318985435955366e-09,1.9318985435955366e-09,0.0
right,0.11,1.1568112177482186,1.1568112177482186,0.0,1.1568112144118354,1.1568112144118354,0.0,3.336382869734747e-10,3.336382869734747e-10,0.0,1.1568112144118354,1.1568112144118354,0.0,3.336382869734747e-09,3.336382869734747e-09,0.0
right,0.12,1.1732664696314612,1.1732664696314612,0.0,1.173266464099368,1.173266464099368,0.0,5.532093691907889e-10,5.532093691907889e-10,0.0,1.173266464099368,1.173266464099368,0.0,5.532093691907889e-09,5.532093691907889e-09,0.0
right,0.13,1.1901478966552603,1.1901478966552603,0.0,1.1901478877893885,1.1901478877893885,0.0,8.865871422097903e-10,8.865871422097903e-10,0.0,1.1901478877893885,1.1901478877893885,0.0,8.865871422097902e-09,8.865871422097902e-09,0.0
right,0.14,1.2074716274226445,1.2074716274226445,0.0,1.2074716136180115,1.2074716136180115,0.0,1.3804632574795675e-09,1.3804632574795675e-09,0.0,1.2074716136180115,1.2074716136180115,0.0,1.3804632574795675e-08,1.3804632574795675e-08,0.0
right,0.15,1.2252545981097955,1.2252545981097955,0.0,1.2252545771402987,1.2252545771402987,0.0,2.096949638203654e-09,2.096949638203654e-09,0.0,1.2252545771402987,1.2252545771402987,0.0,2.096949638203654e-08,2.096949638203654e-08,0.0
right,0.16,1.2435146030054358,1.2435146030054358,0.0,1.2435145718269973,1.2435145718269973,0.0,3.1178438573160796e-09,3.1178438573160796e-09,0.0,1.2435145718269973,1.2435145718269973,0.0,3.1178438573160795e-08,3.1178438573160795e-08,0.0
right,0.17,1.2622703488597162,1.2622703488597162,0.0,1.2622703033602278,1.2622703033602278,0.0,4.549948803658851e-09,4.549948803658851e-09,0.0,1.2622703033602278,1.2622703033602278,0.0,4.5499488036588514e-08,4.5499488036588514e-08,0.0
right,0.18,1.2815415133795451,1.2815415133795451,0.0,1.2815414480625915,1.2815414480625915,0.0,6.531695352814817e-09,6.531695352814817e-09,0.0,1.2815414480625915,1.2815414480625915,0.0,6.531695352814817e-08,6.531695352814817e-08,0.0
right,0.19,1.3013488082415732,1.3013488082415732,0.0,1.301348715827822,1.301348715827822,0.0,9.241375099040871e-09,9.241375099040871e-09,0.0,1.301348715827822,1.301348715827822,0.0,9.241375099040871e-08,9.241375099040871e-08,0.0
right,0.2,1.321714047032297,1.321714047032297,0.0,1.3217139179586728,1.3217139179586728,0.0,1.2907362480065165e-08,1.2907362480065165e-08,0.0,1.3217139179586728,1.3217139179586728,0.0,1.2907362480065164e-07,1.2907362480065164e-07,0.0
right,0.21,1.3426602185674423,1.3426602185674423,0.0,1.3426600403594895,1.3426600403594895,0.0,1.782079527458226e-08,1.782079527458226e-08,0.0,1.3426600403594895,1.3426600403594895,0.0,1.7820795274582258e-07,1.7820795274582258e-07,0.0
right,0.22,1.3642115660905356,1.3642115660905356,0.0,1.3642113225775974,1.3642113225775974,0.0,2.4351293793413957e-08,2.4351293793413957e-08,0.0,1.3642113225775974,1.3642113225775974,0.0,2.435129379341396e-07,2.435129379341396e-07,0.0
right,0.23,1.386393672904025,1.386393672904025,0.0,1.3863933432396498,1.3863933432396498,0.0,3.2966437559975416e-08,3.2966437559975416e-08,0.0,1.3863933432396498,1.3863933432396498,0.0,3.2966437559975416e-07,3.2966437559975416e-07,0.0
right,0.24,1.409233555046246,1.409233555046246,0.0,1.409233112487339,1.409233112487339,0.0,4.425589074872025e-08,4.425589074872025e-08,0.0,1.409233112487339,1.409233112487339,0.0,4.4255890748720246e-07,4.4255890748720246e-07,0.0
right,0.25,1.432759761694811,1.432759761694811,0.0,1.4327591720819826,1.4327591720819826,0.0,5.896128280172768e-08,5.896128280172768e-08,0.0,1.4327591720819826,1.4327591720819826,0.0,5.896128280172768e-07,5.896128280172768e-07,0.0
right,0.26,1.4570024840526268,1.4570024840526268,0.0,1.4570017039204324,1.4570017039204324,0.0,7.801321947256763e-08,7.801321947256763e-08,0.0,1.4570017039204324,1.4570017039204324,0.0,7.801321947256764e-07,7.801321947256764e-07,0.0
right,0.27,1.481993673557912,1.481993673557912,0.0,1.4819926477865522,1.4819926477865522,0.0,1.0257713602162606e-07,1.0257713602162606e-07,0.0,1.4819926477865522,1.4819926477865522,0.0,1.0257713602162605e-06,1.0257713602162605e-06,0.0
right,0.28,1.5077671703555875,1.5077671703555875,0.0,1.5077658292543255,1.5077658292543255,0.0,1.3411012618904146e-07,1.3411012618904146e-07,0.0,1.5077658292543255,1.5077658292543255,0.0,1.3411012618904146e-06,1.3411012618904146e-06,0.0
right,0.29,1.5343588430758137,1.5343588430758137,0.0,1.5343570987617074,1.5343570987617074,0.0,1.7443141058793858e-07,1.7443141058793858e-07,0.0,1.5343570987617074,1.5343570987617074,0.0,1.7443141058793858e-06,1.7443141058793858e-06,0.0
right,0.3,1.5618067410880423,1.5618067410880423,0.0,1.5618044829902888,1.5618044829902888,0.0,2.258097753118583e-07,2.258097753118583e-07,0.0,1.5618044829902888,1.5618044829902888,0.0,2.258097753118583e-06,2.258097753118583e-06,0.0
right,0.31,1.5901512605377806,1.5901512605377806,0.0,1.5901483498162503,1.5901483498162503,0.0,2.9107215305113596e-07,2.9107215305113596e-07,0.0,1.5901483498162503,1.5901483498162503,0.0,2.9107215305113596e-06,2.9107215305113596e-06,0.0
right,0.32,1.6194353256307594,1.6194353256307594,0.0,1.6194315882449322,1.6194315882449322,0.0,3.7373858271368153e-07,3.7373858271368153e-07,0.0,1.6194315882449322,1.6194315882449322,0.0,3.7373858271368152e-06,3.7373858271368152e-06,0.0
right,0.33,1.6497045868081233,1.6497045868081233,0.0,1.6496998049068115,1.6496998049068115,0.0,4.781901311390949e-07,4.781901311390949e-07,0.0,1.6496998049068115,1.6496998049068115,0.0,4.781901311390949e-06,4.781901311390949e-06,0.0
right,0.34,1.6810076376598733,1.6810076376598733,0.0,1.681001538879156,1.681001538879156,0.0,6.098780717465502e-07,6.098780717465502e-07,0.0,1.681001538879156,1.681001538879156,0.0,6.098780717465502e-06,6.098780717465502e-06,0.0
right,0.35,1.7133962526558877,1.7133962526558877,0.0,1.713388496807955,1.713388496807955,0.0,7.755847932993965e-07,7.755847932993965e-07,0.0,1.713388496807955,1.713388496807955,0.0,7.755847932993965e-06,7.755847932993965e-06,0.0
right,0.36,1.7469256480388249,1.7469256480388249,0.0,1.7469158105419058,1.7469158105419058,0.0,9.837496919316195e-07,9.837496919316195e-07,0.0,1.7469158105419058,1.7469158105419058,0.0,9.837496919316195e-06,9.837496919316195e-06,0.0
right,0.37,1.781654768526245,1.781654768526245,0.0,1.7816423197576787,1.7816423197576787,0.0,1.2448768566823795e-06,1.2448768566823795e-06,0.0,1.7816423197576787,1.7816423197576787,0.0,1.2448768566823795e-05,1.2448768566823795e-05,0.0
right,0.38,1.8176466028164524,1.8176466028164524,0.0,1.8176308823572245,1.8176308823572245,0.0,1.5720459227637741e-06,1.5720459227637741e-06,0.0,1.8176308823572245,1.8176308823572245,0.0,1.572045922763774e-05,1.572045922763774e-05,0.0
right,0.39,1.854968531290913,1.854968531290913,0.0,1.8549487157575197,1.8549487157575197,0.0,1.9815533393545015e-06,1.9815533393545015e-06,0.0,1.8549487157575197,1.8549487157575197,0.0,1.9815533393545016e-05,1.9815533393545016e-05,0.0
right,0.4,1.8936927097639944,1.8936927097639944,0.0,1.8936677725752196,1.8936677725752196,0.0,2.493718877465311e-06,2.493718877465311e-06,0.0,1.8936677725752196,1.8936677725752196,0.0,2.493718877465311e-05,2.493718877465311e-05,0.0
right,0.41,1.93389649365802,1.93389649365802,0.0,1.933865154637879,1.933865154637879,0.0,3.1339020141854486e-06,3.1339020141854486e-06,0.0,1.933865154637879,1.933865154637879,0.0,3.1339020141854485e-05,3.1339020141854485e-05,0.0
right,0.42,1.9756629075896894,1.9756629075896894,0.0,1.9756235697339852,1.9756235697339852,0.0,3.933785570361822e-06,3.933785570361822e-06,0.0,1.9756235697339852,1.9756235697339852,0.0,3.9337855703618226e-05,3.9337855703618226e-05,0.0
right,0.43,2.0190811660564165,2.0190811660564165,0.0,2.019031836050621,2.019031836050621,0.0,4.93300057948468e-06,4.93300057948468e-06,0.0,2.019031836050621,2.019031836050621,0.0,4.9330005794846804e-05,4.9330005794846804e-05,0.0
right,0.44,2.064247251724004,2.064247251724004,0.0,2.0641854398433006,2.0641854398433006,0.0,6.18118807030187e-06,6.18118807030187e-06,0.0,2.0641854398433006,2.0641854398433006,0.0,6.18118807030187e-05,6.18118807030187e-05,0.0
right,0.45,2.1112645587591463,2.1112645587591463,0.0,2.1111871525398915,2.1111871525398915,0.0,7.740621925373208e-06,7.740621925373208e-06,0.0,2.1111871525398915,2.1111871525398915,0.0,7.740621925373208e-05,7.740621925373208e-05,0.0
right,0.46,2.160244609743678,2.160244609743678,0.0,2.160147714198817,2.160147714198817,0.0,9.689554486100965e-06,9.689554486100965e-06,0.0,2.160147714198817,2.160147714198817,0.0,9.689554486100965e-05,9.689554486100965e-05,0.0
right,0.47,2.21130785597831,2.21130785597831,0.0,2.2111865910166624,2.2111865910166624,0.0,1.2126496164678234e-05,1.2126496164678234e-05,0.0,2.2111865910166624,2.2111865910166624,0.0,0.00012126496164678233,0.00012126496164678233,0.0
right,0.48,2.2645845724624856,2.2645845724624856,0.0,2.2644328154009954,2.2644328154009954,0.0,1.5175706149102201e-05,1.5175706149102201e-05,0.0,2.2644328154009954,2.2644328154009954,0.0,0.000151757061491022,0.000151757061491022,0.0
right,0.49,2.320215860559655,2.320215860559655,0.0,2.3200259179693754,2.3200259179693754,0.0,1.8994259027866134e-05,1.8994259027866134e-05,0.0,2.3200259179693754,2.3200259179693754,0.0,0.00018994259027866134,0.00018994259027866134,0.0
right,0.5,2.3783547733656856,2.3783547733656856,0.0,2.3781169616695186,2.3781169616695186,0.0,2.378116961669519e-05,2.378116961669519e-05,0.0,2.3781169616695186,2.3781169616695186,0.0,0.00023781169616695188,0.00023781169616695188,0.0
right,0.51,2.439167581140512,2.439167581140512,0.0,2.4388696889784285,2.4388696889784285,0.0,2.9789216208322535e-05,2.9789216208322535e-05,0.0,2.4388696889784285,2.4388696889784285,0.0,0.0002978921620832253,0.0002978921620832253,0.0
right,0.52,2.5028351968953295,2.5028351968953295,0.0,2.502461793737061,2.502461793737061,0.0,3.7340315826823514e-05,3.7340315826823514e-05,0.0,2.502461793737061,2.502461793737061,0.0,0.0003734031582682351,0.0003734031582682351,0.0
right,0.53,2.569554785412562,2.569554785412562,0.0,2.5690863294657063,2.5690863294657063,0.0,4.6845594685672494e-05,4.6845594685672494e-05,0.0,2.5690863294657063,2.5690863294657063,0.0,0.00046845594685672497,0.00046845594685672497,0.0
right,0.54,2.639541582683758,2.639541582683758,0.0,2.6389532657623667,2.6389532657623667,0.0,5.883169213910837e-05,5.883169213910837e-05,0.0,2.6389532657623667,2.6389532657623667,0.0,0.0005883169213910837,0.0005883169213910837,0.0
right,0.55,2.7130309570572053,2.7130309570572053,0.0,2.7122912032754667,2.7122912032754667,0.0,7.397537817384166e-05,7.397537817384166e-05,0.0,2.7122912032754667,2.7122912032754667,0.0,0.0007397537817384165,0.0007397537817384165,0.0
right,0.56,2.7902807483703627,2.7902807483703627,0.0,2.7893492552570884,2.7893492552570884,0.0,9.314931132742982e-05,9.314931132742982e-05,0.0,2.7893492552570884,2.7893492552570884,0.0,0.0009314931132742982,0.0009314931132742982,0.0
right,0.57,2.871573927075688,2.871573927075688,0.0,2.870399099084115,2.870399099084115,0.0,0.00011748279915724748,0.00011748279915724748,0.0,2.870399099084115,2.870399099084115,0.0,0.0011748279915724748,0.0011748279915724748,0.0
right,0.58,2.957221621908963,2.957221621908963,0.0,2.9557371932433782,2.9557371932433782,0.0,0.00014844286655853192,0.00014844286655853192,0.0,2.9557371932433782,2.9557371932433782,0.0,0.0014844286655853192,0.0014844286655853192,0.0
right,0.59,3.0475665720160916,3.0475665720160916,0.0,3.0456871424072625,3.0456871424072625,0.0,0.00018794296088293317,0.00018794296088293317,0.0,3.0456871424072625,3.0456871424072625,0.0,0.0018794296088293317,0.0018794296088293317,0.0
right,0.6,3.1429870675939404,3.1429870675939404,0.0,3.140602172818956,3.140602172818956,0.0,0.00023848947749843937,0.00023848947749843937,0.0,3.140602172818956,3.140602172818956,0.0,0.0023848947749843937,0.0023848947749843937,0.0
right,0.61,3.2439014518270426,3.2439014518270426,0.0,3.2408676484148553,3.2408676484148553,0.0,0.0003033803412188513,0.0003033803412188513,0.0,3.2408676484148553,3.2408676484148553,0.0,0.003033803412188513,0.003033803412188513,0.0
right,0.62,3.3507732657996336,3.3507732657996336,0.0,3.3469035091402435,3.3469035091402435,0.0,0.0003869756659390675,0.0003869756659390675,0.0,3.3469035091402435,3.3469035091402435,0.0,0.003869756659390675,0.003869756659390675,0.0
right,0.63,3.464117126327003,3.464117126327003,0.0,3.4591664380047393,3.4591664380047393,0.0,0.0004950688322264401,0.0004950688322264401,0.0,3.4591664380047393,3.4591664380047393,0.0,0.004950688322264401,0.004950688322264401,0.0
right,0.64,3.584505432827857,3.584505432827857,0.0,3.5781514492987547,3.5781514492987547,0.0,0.0006353983529102766,0.0006353983529102766,0.0,3.5781514492987547,3.5781514492987547,0.0,0.0063539835291027665,0.0063539835291027665,0.0
right,0.65,3.7125760009231987,3.7125760009231987,0.0,3.704392416859219,3.704392416859219,0.0,0.0008183584063978764,0.0008183584063978764,0.0,3.704392416859219,3.704392416859219,0.0,0.008183584063978764,0.008183584063978764,0.0
right,0.66,3.849040713105585,3.849040713105585,0.0,3.8384607975347476,3.8384607975347476,0.0,0.0010579915570836775,0.0010579915570836775,0.0,3.8384607975347476,3.8384607975347476,0.0,0.010579915570836774,0.010579915570836774,0.0
right,0.67,3.9946952533940943,3.9946952533940943,0.0,3.9809614039818397,3.9809614039818397,0.0,0.0013733849412254162,0.0013733849412254162,0.0,3.9809614039818397,3.9809614039818397,0.0,0.013733849412254162,0.013733849412254162,0.0
right,0.68,4.150429941469363,4.150429941469363,0.0,4.132523470591119,4.132523470591119,0.0,0.0017906470878244327,0.0017906470878244327,0.0,4.132523470591119,4.132523470591119,0.0,0.017906470878244325,0.017906470878244325,0.0
right,0.69,4.317241582753873,4.317241582753873,0.0,4.293784326572564,4.293784326572564,0.0,0.0023457256181310913,0.0023457256181310913,0.0,4.293784326572564,4.293784326572564,0.0,0.023457256181310913,0.023457256181310913,0.0
right,0.7,4.496246072088566,4.496246072088566,0.0,4.46536157333832,4.46536157333832,0.0,0.003088449875024571,0.003088449875024571,0.0,4.46536157333832,4.46536157333832,0.0,0.03088449875024571,0.03088449875024571,0.0
right,0.71,4.688691177482352,4.688691177482352,0.0,4.647807506262388,4.647807506262388,0.0,0.0040883671219962905,0.0040883671219962905,0.0,4.647807506262388,4.647807506262388,0.0,0.040883671219962905,0.040883671219962905,0.0
right,0.72,4.895968401371785,4.895968401371785,0.0,4.841536248306751,4.841536248306751,0.0,0.005443215306503532,0.005443215306503532,0.0,4.841536248306751,4.841536248306751,0.0,0.05443215306503532,0.05443215306503532,0.0
right,0.73,5.119621931839209,5.119621931839209,0.0,5.046709135437303,5.046709135437303,0.0,0.007291279640190476,0.007291279640190476,0.0,5.046709135437303,5.046709135437303,0.0,0.07291279640190476,0.07291279640190476,0.0
right,0.74,5.3613512348815835,5.3613512348815835,0.0,5.26305658099871,5.26305658099871,0.0,0.009829465388287459,0.009829465388287459,0.0,5.26305658099871,5.26305658099871,0.0,0.09829465388287459,0.09829465388287459,0.0
right,0.75,5.623001456214986,5.623001456214986,0.0,5.489604077140471,5.489604077140471,0.0,0.013339737907451344,0.013339737907451344,0.0,5.489604077140471,5.489604077140471,0.0,0.13339737907451343,0.13339737907451343,0.0
right,0.76,5.906531976261182,5.906531976261182,0.0,5.724255443601136,5.724255443601136,0.0,0.0182276532660048,0.0182276532660048,0.0,5.724255443601136,5.724255443601136,0.0,0.182276532660048,0.182276532660048,0.0
right,0.77,6.2139474576567935,6.2139474576567935,0.0,5.963168259435608,5.963168259435608,0.0,0.025077919822118825,0.025077919822118825,0.0,5.963168259435608,5.963168259435608,0.0,0.25077919822118827,0.25077919822118827,0.0
right,0.78,6.547166631031766,6.547166631031766,0.0,6.199838479841709,6.199838479841709,0.0,0.034732815119005556,0.034732815119005556,0.0,6.199838479841709,6.199838479841709,0.0,0.34732815119005556,0.34732815119005556,0.0
right,0.79,6.9077911279030655,6.9077911279030655,0.0,6.423806639607071,6.423806639607071,0.0,0.04839844882959959,0.04839844882959959,0.0,6.423806639607071,6.423806639607071,0.0,0.4839844882959959,0.4839844882959959,0.0
right,0.8,7.296720387526776,7.296720387526776,0.0,6.618940844998889,6.618940844998889,0.0,0.06777795425278872,0.06777795425278872,0.0,6.618940844998889,6.618940844998889,0.0,0.6777795425278872,0.6777795425278872,0.0
right,0.81,7.713543640922229,7.713543640922229,0.0,6.761416819821295,6.761416819821295,0.0,0.09521268211009319,0.09521268211009319,0.0,6.761416819821295,6.761416819821295,0.0,0.9521268211009319,0.9521268211009319,0.0
right,0.82,8.15564102831743,8.15564102831743,0.0,6.817937810089758,6.817937810089758,0.0,0.13377032182276713,0.13377032182276713,0.0,6.817937810089758,6.817937810089758,0.0,1.3377032182276714,1.3377032182276714,0.0
right,0.83,8.616977943769088,8.616977943769088,0.0,6.745583358868745,6.745583358868745,0.0,0.18713945849003388,0.18713945849003388,0.0,6.745583358868745,6.745583358868745,0.0,1.8713945849003388,1.8713945849003388,0.0
right,0.84,9.086741370135611,9.086741370135611,0.0,6.495921219083048,6.495921219083048,0.0,0.25908201510525647,0.25908201510525647,0.0,6.495921219083048,6.495921219083048,0.0,2.5908201510525646,2.5908201510525646,0.0
right,0.85,9.548306359948976,9.548306359948976,0.0,6.026817218061869,6.026817218061869,0.0,0.35214891418871047,0.35214891418871047,0.0,6.026817218061869,6.026817218061869,0.0,3.5214891418871046,3.5214891418871046,0.0
right,0.86,9.9794781760055,9.9794781760055,0.0,5.32328039034154,5.32328039034154,0.0,0.4656197785663959,0.4656197785663959,0.0,5.32328039034154,5.32328039034154,0.0,4.656197785663959,4.656197785663959,0.0
right,0.87,10.355138086855845,10.355138086855845,0.0,4.420752840874895,4.420752840874895,0.0,0.5934385245980952,0.5934385245980952,0.0,4.420752840874895,4.420752840874895,0.0,5.934385245980952,5.934385245980952,0.0
right,0.88,10.652601924184204,10.652601924184204,0.0,3.4133806434393974,3.4133806434393974,0.0,0.7239221280744803,0.7239221280744803,0.0,3.4133806434393974,3.4133806434393974,0.0,7.239221280744803,7.239221280744803,0.0
right,0.89,10.857974008134777,10.857974008134777,0.0,2.430565976713408,2.430565976713408,0.0,0.8427408031421371,0.8427408031421371,0.0,2.430565976713408,2.430565976713408,0.0,8.42740803142137,8.42740803142137,0.0
right,0.9,10.970101646638412,10.970101646638412,0.0,1.5887415670955984,1.5887415670955984,0.0,0.9381360079542811,0.9381360079542811,0.0,1.5887415670955984,1.5887415670955984,0.0,9.38136007954281,9.38136007954281,0.0
right,0.91,11.0,11.0,0.0,1.0,1.0,0.0,1.0,1.0,0.0,1.0,1.0,0.0,10.0,10.0,0.0
right,0.92,11.0,11.0,0.0,1.0,1.0,0.0,1.0,1.0,0.0,1.0,1.0,0.0,10.0,10.0,0.0
right,0.93,11.0,11.0,0.0,1.0,1.0,0.0,1.0,1.0,0.0,1.0,1.0,0.0,10.0,10.0,0.0
right,0.94,11.0,11.0,0.0,1.0,1.0,0.0,1.0,1.0,0.0,1.0,1.0,0.0,10.0,10.0,0.0
right,0.95,11.0,11.0,0.0,1.0,1.0,0.0,1.0,1.0,0.0,1.0,1.0,0.0,10.0,10.0,0.0
right,0.96,11.0,11.0,0.0,1.0,1.0,0.0,1.0,1.0,0.0,1.0,1.0,0.0,10.0,10.0,0.0
right,0.97,11.0,11.0,0.0,1.0,1.0,0.0,1.0,1.0,0.0,1.0,1.0,0.0,10.0,10.0,0.0
right,0.98,11.0,11.0,0.0,1.0,1.0,0.0,1.0,1.0,0.0,1.0,1.0,0.0,10.0,10.0,0.0
right,0.99,11.0,11.0,0.0,1.0,1.0,0.0,1.0,1.0,0.0,1.0,1.0,0.0,10.0,10.0,0.0
right,1.0,11.0,11.0,0.0,1.0,1.0,0.0,1.0,1.0,0.0,1.0,1.0,0.0,10.0,10.0,0.0
